bln_function,variable,ess_theme,sub_group
bln_c_nitrogen,i_c_n,prod,chemistry
bln_c_posphor,i_c_p,prod,chemistry
bln_c_potassium,i_c_k,prod,chemistry
bln_c_magnesium,i_c_mg,prod,chemistry
bln_c_sulfur,i_c_s,prod,chemistry
bln_c_ph,i_c_ph,prod,chemistry
bln_p_crumbleability,i_p_cr,prod,physics
bln_p_sealing,i_p_se,prod,physics
bln_p_droughtstress,i_p_ds,prod,physics
bln_p_wetnessstress,i_p_ws,prod,physics
bln_p_winderosion,i_p_du,prod,physics
bln_p_compaction,i_p_co,prod,physics
bln_p_compaction,i_p_co,prod,physics
bln_p_whc,i_p_whc,prod,physics
bln_p_aggstability,i_p_as,prod,physics
bln_p_workability,i_p_wo,prod,physics
bln_b_diseaseresistance,i_b_di,prod,biology
bln_b_pmn,i_b_sf,prod,biology
bln_wat_groundwater_recharge,i_gw_gwr,water,gw_quantity
bln_bbwp_bw,i_gw_wb,water,gw_quality
bln_wat_pesticide,i_gw_pest,water,gw_quality
bln_wat_nretention_gw,i_gw_nret,water,gw_quality
bln_bbwp_ngw,i_gw_ngw,water,gw_quality
bln_wat_nrisk_gw,i_gw_nlea,water,gw_quality
bln_wat_nretention_gw,i_e_gw_nret,water,gw_quality
bln_bbwp_nsw,i_sw_nsw,water,sw_quality
bln_bbwp_psw,i_sw_psw,water,sw_quality
bln_wat_nretention_sw,i_sw_nret,water,sw_quality
bln_wat_nrunoff,i_sw_nro,water,sw_quality
bln_clim_cbalance,i_clim_osb,climate,climate
bln_clim_rothc,i_clim_rothc,climate,climate
bln_clim_somers,i_clim_somers,climate,climate
bln_nut_nitrogen,i_nut_n,nutcycle,macronutrient
bln_nut_phosphorus,i_nut_p,nutcycle,macronutrient
bln_nut_potassium,i_nut_k,nutcycle,macronutrient
bln_nut_nue,i_nut_nue,nutcycle,macronutrient
