Omschrijving;Thema;Effect omschrijving;Bodem gerelateerd;ESD;Effect;Reductie NH3;Recuctie CH4;Reductie N2O;Daling NO3 (mg/L);Opbrengst;Water regulatie;Water zuivering;Recycling nutriënten;Koolstof vastlegging;Habitat biodiversiteit;Landgebruik;Bodemtype
Optimalisatie van dierrantsoenen (eiwit, verteerbaarheid);Gasvormige verliezen;1 gram eiwit reductie = 1% Nemissiereductie vanuit de stal. Lineair voor RE van 170 tot 150 g/kg, daarna afnemend effect (maar nog steeds reducerend). Veldemissies veranderen beperkt (is discussie over i.v.m. effecten op plasvolume).;;;;10-20;5-15;0-10;;;;;;;;;
Aanzuren mest in stal/opslag;Gasvormige verliezen;Aanzuren van mest verlaagt NH3 met 37- 70% op bedrijfsniveau, aannemend dat de  pH voldoende laag blijft om ook bij toediening emissie te voorkomen.;;;;40-70;50-90;-;;;;;;;;;
Biologisch aanzuren in combinatie met (centrale) vergisting;Gasvormige verliezen;Aanzuren vermindert NH3 met gemiddeld 40-70% op bedrijfsniveau;;;;40-70;50-90;-;;;;;;;;;
Mestscheiding plus stripper van dunne fractie;Gasvormige verliezen;Mestscheiding gevolgd door behandeling dunne fractie (bijv. Bio-Grow) zorgt 31% reductie op bedrijfsniveau, en tot 62% reductie op stalemissie;;;;31;-;-;;;;;;;;;
Vergisten van mest i.c.m. mestbewerking / stripper;Gasvormige verliezen;Dagverse mest gebruiken, vergisten en strippen. Effect is 40-50% op bedrijfsniveau;;;;40-50;60-80;-;;;;;;;;;
Mestinjectie op bouwland en grasland;Gasvormige verliezen;Diepe injectie verlaagt emissie op bouwland zand en lichte klei kan emissie tijdens veld met 95% worden verlaagd. Ook in gebied inzetbaar in open teelten.;x;;;95 ;-;0-5;;;;;;;;;
Extensivering van bedrijfsvoering (tot biologische bedrijfsvoering);Gasvormige verliezen;Lagere emissies door meer weidegang, minder kunstmest, lagere stikstofexcretie, lagere TAN (grenswaarden nog vast te stellen);?;;;40-50;15-35;50-100;;;;;;;;;
Kunstmest vervanging door biobased fertilizers plus injectie ervan;Gasvormige verliezen;Effect is vooral gebaseerd op effect diepe injectie. Niet behandelen als aparte maatregel.;?;;;95;-;0-5;;;;;;;;;
Optimalisatie beweiding;Gasvormige verliezen;Melkkoeien worden 500 uur extra (of meer) per jaar geweid. 500 uur extra levert 5-7.5% reductie van totale bedrijfsemissie.;?;;;4-50;0-10;0-20;;;;;;;;;
Voeradditieven (focus op CH4);Gasvormige verliezen;Vooral gericht op CH4 emissie. Voor NH3 kan via zoutgehalte rantsoen kan op bedrijf gemiddeld 10% NH3 reductie worden gerealiseerd.;;;;5-30;20-25;-;;;;;;;;;
Verhoog leeftijd dieren;Gasvormige verliezen;10-20% minder jongvee op bedrijf verlaagt 0-5% NH3 op bedrijfsniveau;;;;0-5;0-5;-;;;;;;;;;
Gras raffinage (en vlinderbloemigen, minder import);Gasvormige verliezen;Aanpassing van rantsoen kan NH3 verlagen tot 30%, gemiddeld ligt rond 10% op bedrijfsniveau. Effect ook met rantsoenoptimalisatie te bereiken.;;;;5-30;-;-;;;;;;;;;
Regelmatig mestschuiven, te combineren met sproen roostervloer;Gasvormige verliezen;6 keer per dag de mestschuif of de mestrobot laten schuiven over de dichte vloer of roostervloer levert een reductie van 10% op.;;;;10-15;-;-;;;;;;;;;
Koetoilet;Gasvormige verliezen;Urine wordt opgevangen tijdens voeren en afgevangen. Zorgt voor 30% lagere stalemissie;;;;30;-;-;;;;;;;;;
Dagontmesting met centrale monovergisting;Gasvormige verliezen;"Dagverse mest ophalen, vergisten en
strippen. Effect is 40-77% op stalniveau";;;;30-85;60-80;-;;;;;;;;;
Aanzuren van mest bij toediening;Gasvormige verliezen;Aanzuren van mest verlaagt NH3 met 12-20% op bedrijfsniveau, tijdens toediening rond 25-40%.;?;;;25-40;50-90;-;;;;;;;;;
Precisiebemesting kunstmest;Gasvormige verliezen;"Geen ureum meer gebruiken. Plus inspelen
op weer, niet opvullen gebruiksruimte kunstmest, verlaagt NH3 met 10-35% veld, en op bedrijfsniveau max 5% (uitgaand huidige gebruiksnormen)";x;;;10-35;-;10-50;;;;;;;;;
Water sproeien op stalvloeren en spoelen roosters;Gasvormige verliezen;"Besproeien (10L/d/m2) verlaagt
vloeremissies en indirect ook uit demestput door verdunning. Effecten 5-20% reductie op bedrijfsniveau, en 10-40% op stalemissies";;;;13-40;-;-;;;;;;;;;
Omzetten drijfmest in NEO-meststof (N2 applied);Gasvormige verliezen;Inzet van plasmatechnologie om stikstofvorm om te zetten, resulteert in 90- 95% reductie NH3 op bedrijfsniveau;;;;95;99;-;;;;;;;;;
Netjes werken bij mesttoediening;Gasvormige verliezen;Netjes werken verlaagt NH3 bij toediening 8-25%, op bedrijfsniveau met 4-12%.;x;;;8-25;-;0-5;;;;;;;;;
Verdunnen van mest bij mestopslag en bij aanwending via sleepvoeten op klei en veen;Gasvormige verliezen;"Met 1/3 water verdunnen levert op
bedrijfsniveau 0-18% reductie NH3, veldemissie ligt tussen 0-36%. Effect is afhankelijk van weer. Op klei en veen is maatregel al verplicht";x;;;5-36;-;-;;;;;;;;;
Graslandbeheer (klaver, scheuren) plus bemesting;Gasvormige verliezen;Er is minder kunstmest nodig. Op bedrijfsniveau 0-1% emissiereductie, 20-50% van kunstmestemissie;x;;;0-20;-;50-100;;;;;;;;;
Stalvloeraanpassingen (diverse opties);Gasvormige verliezen;Er blijft minder urine op de roosters liggen, zorgt voor 20% reductie stal en 10% op bedrijfsniveau.;;;;0-50;-;-;;;;;;;;;
LelySphere;Gasvormige verliezen;Mestscheiding plus N-verwijdering. 36% reductie op bedrijfsniveau, en 77% op stalniveau;;;;77;-;-;;;;;;;;;
Koelen van mest;Gasvormige verliezen;Koelen van mest zorgt in varkenshouderijen voor 40% reductie bedrijfsemissie. Bij melkvee nog niet aangetoond.;;;;-;40-80;-;;;;;;;;;
Beperken ventilatiedebiet;Gasvormige verliezen;Een lager debiet zorgt voor minder NH3 in de stal, levert ca 15% reductie in de stal en 7% op bedrijfsniveau;;;;0-15;-;-;;;;;;;;;
Bufferstroken;Gasvormige verliezen;100% reductie veldemissie. Gemiddeld wordt 4% bufferstrook. Op bedrijfsniveau leidt dat tot 4% emissiereductie van veldemissies.;x;;;0-5;-;0-5;;;;;;;;;
Gebruik DMPP stikstof stabilisatior;Gasvormige verliezen;Beperkt effect op NH3;?;;;-;-;42-55;;;;;;;;;
Bodembeheer (ploegen, vangewassen, uitmijnen);Gasvormige verliezen;Effect op NH3 is minimaal, op bedrijfsniveau < 1%;x;;;-;-;0-40/0-5;;;;;;;;;
Mixen/belucthen van mest;Gasvormige verliezen;Bellenbeluchting en mixen kan NH3 vorming verlagen. Effecten variëren sterk, gemiddeld 40% stalemissie;;;;0-70;50-60;?;;;;;;;;;
Toevoegemiddelen aan mest;Gasvormige verliezen;Effect is afhankelijk van toevoegingsmiddel. Varieert 15-25% op bedrijfsniveau;?;;;15-25;65-85;0-10;;;;;;;;;
Mest besproeien met suspensies;Gasvormige verliezen;Effect is afhankelijk van toevoegingsmiddel. Varieert 15-25% op bedrijfsniveau;;;;20-30;-;-;;;;;;;;;
Plaatsing windsingels en herinrichitng erf;Gasvormige verliezen;Ammoniak kan worden ingevangen. Effecten op emissie zijn beperkt, kleiner dan 1%.;?;;;0-20;-;-;;;;;;;;;
Luchtwassers;Gasvormige verliezen;Chemische luchtwassers verwijderen NH3 uit lucht. Werkt in gesloten stallen, 70-90% reductie vanuit stal.;;;;70-90;-;-;;;;;;;;;
Methaanoxidatie (affakkelen of biofilter);Gasvormige verliezen;Geen effect op NH3;;;;-;50-90;-;;;;;;;;;
Beinvloeden microbioom rundvee;Gasvormige verliezen;Door aanpassing microbioom kan uitstoot van NH3 en CH4 worden verlaagd. In onderzoek.;;;;?;? ;-;;;;;;;;;
Nieuwe stalsystemen;Gasvormige verliezen;Er zijn diverse nieuwe systemen in ontwikkeling gefocust op snel / volledige scheiding van urine en mest, plus nageschakelde technieken;;;;8-50;-;-;;;;;;;;;
Fokken dieren met minder emissies;Gasvormige verliezen;De uitstoot per dier varieert afhankelijk van ras en diereigenschappen. Gerichte fokkerij, met name voor methaan, kan emissies terugdringen ;;;;0-10;1-15 per jaar;-;;;;;;;;;
Maximaliseren aantal GVE, minder dieren op hetzelfde bedrijf;Gasvormige verliezen;"Het houden van minder
dieren op hetzelfde bedrijf.
De oppervlakte besmeurde vloer moet afnemen, en gebruiksruimte niet opvullen.";;;;variabel;?;?;;;;;;;;;
Alternatief landgebruik;Gasvormige verliezen;Gebruik vlinderbloemigen of bacteriële melkproductie. Betekent dus stopzetten van huidige bedrijven ;x;;;?;?;?;;;;;;;;;
Wijziging landbouwsysteem;Gasvormige verliezen;Omschakelen naar biologisch zorgt voor minder dieren, geen kunstmest, lagere TAN in mest;x;;;-;-;-;;;;;;;;;
Methane Eradication Photochemical System (MEPS);Gasvormige verliezen;MEPS is een recent ontwikkelde technologie in Denemarken om methaan uit ventilatielucht te verwijderen.;;;;?;70-90;?;;;;;;;;;
Voeradditieven (o.a. benzoëzuur);Gasvormige verliezen;Voeradditieven zijn inzetbaar om gericht pensfermentatie te beperken of ureumgehalte in urine te verlagen.;;;;8-16;3-5;-;;;;;;;;;
Optimalisatie RE in rantsoen;Gasvormige verliezen;Verlaging van eiwit in het rantsoen reduceert NH3;;;;0-30;-;-;;;;;;;;;
Directe mestscheiding;Gasvormige verliezen;Vloeren schoon houden, mest direct scheiden, gebruik van stripper;;;;70;-;-;;;;;;;;;
Deens systeem van aanzuren;Gasvormige verliezen;Aanzuren vermindert NH3 met gemiddeld 40-70% op bedrijfsniveau.;;;;80;90;-;;;;;;;;;
Koude plasmatechnologie;Gasvormige verliezen;"Inzet van
plasmatechnologie om
stikstofvorm om te zetten, resulteert in 90-95% reductie NH3 op bedrijfsniveau";;;;70;70;-;;;;;;;;;
Pig on the moon (Denemarken);Gasvormige verliezen;Mestpan met (gedeelteljike) onderafzuiging lucht in combinatie met luchtwasser.;;;;75;50;-;;;;;;;;;
Luchtcirculatie;Gasvormige verliezen;Gedeeltelijke recirculatie van lucht in combinatie met luchtzuivering en -conditionering;;;;90;0;-;;;;;;;;;
Strostal zeugen;Gasvormige verliezen;Strostal met gescheiden opvang mest en urine bij dragende zeugen, schuiven en sproeien.;;;;70;70;-;;;;;;;;;
Inzet van turf/snijmais silage als strooisel;Gasvormige verliezen;Gebruik van zure bedding verlaagt risico op NH3.;;;;25-40;-;-;;;;;;;;;
Toevoegemiddelen aan voer/strooisel;Gasvormige verliezen;Effect is afhankelijk van toevoegingsmiddel en varieert sterk. Veel discussie over effect;;;;?;-;-;;;;;;;;;
Rantsoen optimalisatie;Gasvormige verliezen;Aanpassing van voederwaardes naast eiwit met oog op minder emissies;;;;-/++;-/+++;-/+;;;;;;;;;
Mest vaker afvoeren;Gasvormige verliezen;Vaker dan 4 keer per jaar stromest verwijderen verlaagt emissies als bronmaatregel;;;;++;++;+;;;;;;;;;
Mest luchtdicht opslaan;Gasvormige verliezen;Afdekken maakt mest anaeroob, vooral minder NH3;;;;+++;+;-/+;;;;;;;;;
Mest mengen met stro;Gasvormige verliezen;Stro zorgt voor N-immobilisatie, minder gasvormige verliezen;;;;++;++;++;;;;;;;;;
Mest composteren;Gasvormige verliezen;Intensief composteren verlaagt vooral CH4 en N2O, wisselend effect op NH3;;;;-/+;+++;++;;;;;;;;;
Mest vergisten;Gasvormige verliezen;Vergisten is vooral maatregel voor CH4, mogelijk bijeffect op NH3 voor potstalmest;;;;++;+++;0;;;;;;;;;
Meer strooisel in stal;Gasvormige verliezen;Stro zorgt voor N-immobilisatie, minder gasvormige verliezen;;;;+;+;-/+;;;;;;;;;
Ander strooisel in stal;Gasvormige verliezen;Overstappen op ander strooisel (turf, zand, houtsnippers) beïnvloedt eigenschappen van mest in potstal;;;;-/+;-/+;-/+;;;;;;;;;
Optimalisatie productie;Gasvormige verliezen;Hoogproductieve dieren, minder jongvee, verlaagt emissies per bedrijf;;;;+;+;+;;;;;;;;;
Weidegang;Gasvormige verliezen;"Emissies NH3 en CH4 zijn lager als dieren buiten zijn; vergt vakmanschap";?;;;+;+;-;;;;;;;;;
Verminder de aanvoer van N-kunstmest met 10% onder de gebruiksnorm voor percelen met een NLV groter dan 50 kg N / ha. Met andere woorden: stem de bemesting af op de hoeveelheid N-mineralisatie.;Grondwaterkwaliteit;;?;;+/++;;;;-;;;;;;;;
Verminder de aanvoer van N-kunstmest met 10% onder de gebruiksnorm voor percelen met een NLV groter dan 50 kg N / ha. Met andere woorden: stem de bemesting af op de hoeveelheid N-mineralisatie.;Grondwaterkwaliteit;;?;;+;;;;2-5;;;;;;;;
Verminder de totale werkzame N-aanvoer met 10% voor uitspoelingsgevoelige* akker- en tuinbouwgewassen;Grondwaterkwaliteit;;x;;+/++;;;;5-9;;;;;;;;
Verminder de totale werkzame N-aanvoer met 15% voor uitspoelingsgevoelige* akker- en tuinbouwgewassen;Grondwaterkwaliteit;;x;;++;;;;7-24;;;;;;;;
Verminder de totale werkzame N-aanvoer met 10%;Grondwaterkwaliteit;;x;;++;;;;7-82;;;;;;;;
Verminder de totale werkzame N-aanvoer met 20%;Grondwaterkwaliteit;;x;;++(+);;;;10-85;;;;;;;;
Neem een N-mineraal monster van de bouwvoor voor uw eerste bemesting, bereken de extra hoeveelheid beschikbare stikstof als Nmin – 15 (voor een meting 0-30 cm) of Nmin– 20 (voor een meting 0-60 cm), en verlaag de kunstmestgift met deze hoeveelheid.;Grondwaterkwaliteit;;x;;+;;;;-;;;;;;;;
Zodra er rijenbemesting wordt toegepast kan de N-gift met 20% worden verlaagd ten opzichte van de adviesgift (voor mais), en met 15% voor suikerbieten.;Grondwaterkwaliteit;;x;;+;;;;2-10;;;;;;;;
Vermijdt het gebruik van ureum als stikstofkunstmest, en pas de N-aanvoer aan;Grondwaterkwaliteit;;x;;0/+;;;;-;;;;;;;;
Zorg voor een perceelsgerichte bemesting. Door op percelen met een sterkere stikstoflevering te besparen op de stikstofgift, houdt men meer stikstof over om de schralere percelen wat extra te geven.;Grondwaterkwaliteit;;;;0/+;;;;-;;;;;;;;
Houdt bij de berekening van de N-behoefte rekening met stikstofnalevering van de voorvrucht of ingewerkte groenbemesters. Zie het Handboek Bodem en Bemesting voor de geadviseerde korting op basis van oogstresten of groenbemesters.;Grondwaterkwaliteit;;;;++;;;;-;;;;;;;;
Wanneer jaarlijks dierlijke mest wordt toegepast, kan rekening worden gehouden met een hogere werking van de dierlijke mest. Verhoog daarom de wettelijke werkingscoëfficiënt met 35% voor de N-org fractie van rundermest, en met 20% voor varkens en kippenmest. Reken deze korting door op de gewenste aanvoer via N-kunstmest.;Grondwaterkwaliteit;;;;++;;;;-;;;;;;;;
Pas bij percelen met een verwachte hoge mineralisatie (NLV > 80 kg N / ha) een stikstofbijmestsysteem toe;Grondwaterkwaliteit;;;;+;;;;-;;;;;;;;
Dien dierlijke mest bij voorkeur zo vroeg mogelijk toe (grasland) in het voorjaar kort voor aanvang van de teelt (akkerbouw- en groenteteelt). Bereken de stikstofwerking in het voorjaar, afhankelijk van mestsoort en toedieningsapparatuur en toedieningstijdstip conform de adviezen uit het Handboek.;Grondwaterkwaliteit;;;;+;;;;-;;;;;;;;
Dien dierlijke mest emissiearm toe, werk netjes bij gebruik zodebemester, en werk de mest zonodig binnen een halve dag onder. De stikstof die niet als ammoniak vervluchtigt komt daarmee beschikbaar voor het gewas. Pas de N-kunstmestgift aan op basis van de hogere werking.;Grondwaterkwaliteit;;;;+;;;;-;;;;;;;;
Breng meststoffen waarvan de stikstof geheel of voor het merendeel uit ureum en/of ammonium bestaat, in de grond door ze direct na toediening in te werken of ze te injecteren (bij vloeibare meststoffen). Bij oppervlakkige toediening kan ammoniakvervluchtiging optreden, waardoor de stikstofwerking lager is dan van KAS.;Grondwaterkwaliteit;;;;+;;;;-;;;;;;;;
Wanneer mest uit oogpunt van structuurbederf in de nazomer wordt toegediend in plaats van in het voorjaar, combineer de mestgift dan met een groenbemester. Beperk de mestgift tot maximaal 80 kg werkzame N per hectare. ;Grondwaterkwaliteit;;;;0/+;;;;-;;;;;;;;
Ga na of er in het bouwplan ruimte is of kan worden gecreëerd voor tijdig gezaaide groenbemesters en of dit past in verband met de aaltjessituatie in de bodem.;Grondwaterkwaliteit;;;;++;;;;4-16;;;;;;;;
"Zorg voor een goede vochtvoorziening van het gewas; beregen op tijd. De vochtvoorziening heeft directe invloed op de productie, maar beïnvloedt ook de nutriëntenbenutting.";Grondwaterkwaliteit;;;;+;;;;-;;;;;;;;
Zorg naast een goede bodemvruchtbaarheid voor een goede bodemstructuur zonder storende lagen en een lage druk van bodemziekten en –plagen. Dit bevordert de beworteling van het gewas. Check uw bodemanalyserapport of er eventuele knelpunten zijn en los deze op.;Grondwaterkwaliteit;;;;+;;;;-;;;;;;;;
Zorg voor een slimme gewasopvolging (zelf of via samenwerking) waarbij ondiep en diepwortelende gewassen elkaar afwisselen.;Grondwaterkwaliteit;;;;+;;;;0-15;;;;;;;;
Wanneer er organische reststromen als berm- en slootmaaisel wordt gebruikt, corrigeer dan de N-bemesting in het opvolgend gewas voor de toegediende werkzame stikstof;Grondwaterkwaliteit;;;;+;;;;-;;;;;;;;
Afvoeren en verwerken van stikstofrijke gewasresten (zoals bietenblad), composteer deze op uw bedrijf, en benut deze stikstof in het bemestingsplan;Grondwaterkwaliteit;;;;+/++;;;;0-10;;;;;;;;
Verlaag “de risicopremie” op de N-gift in het voorjaar bij uitspoelingsgevoelige gewassen;Grondwaterkwaliteit;;;;+;;;;-;;;;;;;;
Maximaliseer de inzet van vanggewassen na alle akker- en tuibouwteelten, met uitzondering na suikerbiet, zetmeelaardappel, lelie en voorafgaand aan wintergraan, en corrigeer de N-gift van het volggewas.;Grondwaterkwaliteit;;;;++;;;;1-24;;;;;;;;
Maximaliseer de inzet van vanggewassen na alle akker- en tuibouwteelten, met uitzondering na suikerbiet, zetmeelaardappel, lelie en voorafgaand aan wintergraan, en zonder correctie gebruiksnorm volggewas;Grondwaterkwaliteit;;;;+;;;;0-16;;;;;;;;
Teel minder stikstofbehoeftige aardappelrassen. Hiermee kan de N-gift worden verlaagd van 180-190 tot 150 kg N/ha in het zuidelijk zandgebied en van 230-2035 tot 190 in het noordelijk zandgebied.;Grondwaterkwaliteit;;;;+;;;;0-8;;;;;;;;
Uitbreiding van de vruchtwisseling met een vezelgewas (hennep, met mestgift 90 kg N/ha);Grondwaterkwaliteit;;;;+;;;;0-14;;;;;;;;
Geen kunstmest geven op grasland voordat de Tsom 350 of 400 graden is;Grondwaterkwaliteit;;;;+;;;;-;;;;;;;;
Geef geen stikstofbemesting in het jaar na scheuren van meerjarig grasland;Grondwaterkwaliteit;;;;++;;;;-;;;;;;;;
Geef mais niet meer werkzame stikstof dan 140 kg N per hectare voor alle grondsoorten;Grondwaterkwaliteit;;;;++;;;;-;;;;;;;;
Beperk beweiding laat in het najaar als de percelen nat zijn;Grondwaterkwaliteit;;;;+;;;;1-4;;;;;;;;
Gebruik nitrificatieremmers of langzaam werkende meststoffen in het voorjaar;Grondwaterkwaliteit;;;;+/++;;;;-;;;;;;;;
Schrap de N-kunstmestgift van de laatste snede op percelen met een hoge NLV;Grondwaterkwaliteit;;;;+;;;;-;;;;;;;;
Dierlijke mest bij toepassen van sleepvoeten verdunnen met water;Grondwaterkwaliteit;;;;0/+;;;;-;;;;;;;;
Verleng leeftijd van grasland;Grondwaterkwaliteit;;;;+;;;;-;;;;;;;;
Volledig maien van grasland, geen beweiding;Grondwaterkwaliteit;;;;+;;;;1-7;;;;;;;;
Verwijdering van nitraatuit drainagewater;Grondwaterkwaliteit;;;;0/++;;;;-;;;;;;;;
Verdiep de beworteling van gralsand;Grondwaterkwaliteit;;;;+;;;;-;;;;;;;;
Geen uitspoelingsgevoelige gweassen op uitspoelingsgevoelige gronden;Grondwaterkwaliteit;;;;++;;;;-;;;;;;;;
Bevorderen van denitrificatie door peilverhoging;Grondwaterkwaliteit;;;;+;;;;-;;;;;;;;
Bevorderen van denitrificatie door tijdelijke inudatie;Grondwaterkwaliteit;;;;+;;;;-;;;;;;;;
Bevorderen denitrificatie door buiten het groeiseizoen makkelijk afbreekbare koolstofrijke substraten onder te werken;Grondwaterkwaliteit;;;;+;;;;-;;;;;;;;
Akkerranden;;;;;;;;;;-1-0;0-1;1-2;?;-1-2;0-2;BLD;Zand
Legt slootmaisel op ruime afstand van de sloot;;;;;;;;;;0-1;0;0-2;0-1;0;0;BLD;Zand
Mengteelten;;;;;;;;;;0-1;0-1;0-1;1;0-1;0-2;BLD;Zand
Hergebruik P en N uit slootbagger (slootbaggerpomp);;;;;;;;;;-1-1;-1-2;1-2;0-2;0-1;?;BLD;Zand
Maaimestoffen;;;;;;;;;;0-1 ;1;?;0-1;0-1;?;BLD;Zand
Optimaliseert pH, en Ca/Mg;;;;;;;;;;0-1;0;-1-0;-1;?;?;BLD;Zand
Past sleepslangbemesting toe;;;;;;;;;;0-1;0-1;0-1;0-2;0;0-1;BLD;Zand
Erosiestoppers (drempeltjes);;;;;;;;;;1;1-2;1;0-1;0;0-1;BLD;Zand
Gatenboor;;;;;;;;;;1-2;1;1;0-1;0;0;BLD;Zand
Klei op zand aanbrengen (BLD);;;;;;;;;;0-1;-1-2;-1-1;1;1-2;?;BLD;Zand
Laagtes egaliseren;;;;;;;;;;1;1-2;0-2;0-1;0;-1-1;BLD;Zand
Lage bandenspanning/lichtere machines;;;;;;;;;;0-1;1-2;0-1;0-1;0;1-2;BLD;Zand
Mechanische bewerking groenbemester;;;;;;;;;;0-1;-1-2;0-2;0;0;0-1;BLD;Zand
Mechanische onkruidbestrijding;;;;;;;;;;0-1;-1-0;1-2;0;0;1-2;BLD;Zand
Niet kerende grondbewerking;;;;;;;;;;-1-0;-1-1;0-2;0-1;0;0-1;BLD;Zand
Vaste rijpaden;;;;;;;;;;0-2;1-2;0-1;0-1;0-1;1;BLD;Zand
Combinatie van ondiep- en diepwortelende (rust)gewassen;;;;;;;;;;1;1-2;0-2;0-2;0-1;0-2;BLD;Zand
Geen uitspoelingsgevoelige gweassen op uitspoelingsgevoelige gronden;;;;;;;;;;?;1;1-2;1-2;0-1;1-2;BLD;Zand
Goenbemesters/vanggewassen;;;;;;;;;;0-1;0-1;0-1;0-1;0-2;0-1;BLD;Zand
Onderzaai;;;;;;;;;;-1-1;0-1;0-2;0-2;0-1;1;BLD;Zand
Verlagen fosfaat op pervelen met hoge toestand;;;;;;;;;;-1;0;1-2;1-2;?;?;BLD;Zand
Teelt vroegrijpe gewassen/rassen i.c.m. vanggewas;;;;;;;;;;-2-1;1;1-2;?;0-2;1;BLD;Zand
Variatie in gewassen en rassen die meer resistent zijn tegen ziekten en plagen;;;;;;;;;;1;0;0-2;0-2;0-1;1;BLD;Zand
Voorkom braakligging winter;;;;;;;;;;0-1;0-1;0-2;0-2;0-1;1;BLD;Zand
Meer vlinderbloemige gewassen in rotatie;;;;;;;;;;-1-1;0-1;0-1;1;-1-1;1-2;BLD;Zand
Ruimer bouwplan (meer granen);;;;;;;;;;-1-0;-1-1;1;0-1;0-2;0-1;BLD;Zand
Niet-chemische grondontsmetting;;;;;;;;;;0-2;0-1;-2-2;-2-0;-0-1;0-1;BLD;Zand
Aanvraag organische stof rijke materialen (compost/vastemest);;;;;;;;;;0-1;0-1;-1-1;-1-1;1-2;0-1;BLD;Zand
Gewasresten achterlaten (stro);;;;;;;;;;0;0-1;-1-1;0-1;1-2;1;BLD;Zand
Drainage (ontwatering);;;;;;;;;;0-1;0-1;-1-1;-1;-1-0;?;BLD;Zand
Peilgsetuurde drainage;;;;;;;;;;0-2;0-2;-1-1;-1;-1-0;?;BLD;Zand
Beperkt najaarsbeweiding;;;;;;;;;;-1-1;-1-1;0-1;1-2;-1-0;0-1;GLD;Zand
Extensieve beweiding;;;;;;;;;;-2-1;-1-1;0-1;0-1;0;1-2;GLD;Zand
Gebruikt dierlijke mest niet/nauwlijks in najaar;;;;;;;;;;0-1;0-1;0-1;0-1;0;0;GLD;Zand
Past sleepslangbemesting toe;;;;;;;;;;0-1;0-1;0-1;0-1;0;0-1;GLD;Zand
Stemt (kunst)mestgift af op mineralisatie door extra bemonsteren;;;;;;;;;;0-1;0-1;0-1;0-2;0;0;GLD;Zand
Laagtes egaliseren;;;;;;;;;;0-1;-1-2;0-1;0-1;0;-1-0;;
Klei op zand aanbrengen (GLD);;;;;;;;;;0-1;0-1;0-1;0-1;0;-1-0;GLD;Zand
Mechanische bewerking graszode;;;;;;;;;;0-1;0;0-1;0;-1-0;-1-0;GLD;Zand
Combinatie van ondiep- en diepwortelende grassoorten;;;;;;;;;;1;0-2;0-1;1;0-1;0-1;GLD;Zand
Kruidenrijk productief graland;;;;;;;;;;-1-1;-1-2;0-1;1;0-1;1-2;GLD;Zand
Leeftijd grasland verhogen;;;;;;;;;;-1-1;-1-1;-1-1;-1-1;2;0-2;GLD;Zand
Maximaal aandeel blijvend grasland;;;;;;;;;;-1-2;-2-2;1;1;2;1-2;GLD;Zand
Meer vlinderbloemige gewassen;;;;;;;;;;-1-1;1;-1-1;0-1;0-1;1-2;GLD;Zand
Wisselteelt mais-grasklaver (60-20-20);;;;;;;;;;1;0-1;1;0-1;0-2;0-1;GLD;Zand
Legt slootmaisel op ruime afstand van de sloot;;;;;;;;;;-2-1;-1-0;1-2;1;1;1;GLD;Zand
Akkerranden;;;;;;;;;;-1;0-1;1-2;1;-1-0;1;BLD;Klei
Legt slootmaisel op ruime afstand van de sloot;;;;;;;;;;0;0-1;1-2;0-1;0;?;BLD;Klei
Mengteelten;;;;;;;;;;1;0-1;0-1;1;1;0-2;BLD;Klei
Hergebruik P en N uit slootbagger (slootbaggerpomp);;;;;;;;;;-1-1;-2-0;1-2;0-2;0-1;?;BLD;Klei
Maaimestoffen;;;;;;;;;;0-1;0-2;0-1;0-1;0-1;1;BLD;Klei
Optimaliseert pH, en Ca/Mg;;;;;;;;;;?;?;?;?;?;?;BLD;Klei
Past sleepslangbemesting toe;;;;;;;;;;0;0-1;0-1;0-2;0;0;BLD;Klei
Erosiestoppers (drempeltjes);;;;;;;;;;0-1;0-2;1-2;0-1;0;0-1;BLD;Klei
Gatenboor;;;;;;;;;;0-1;1;1;0-1;0;0;BLD;Klei
Laagtes egaliseren;;;;;;;;;;1;1-2;0-2;0-1;0;0-1;BLD;Klei
Lage bandenspanning/lichtere machines;;;;;;;;;;0-1;1-2;0-1;0-1;0;1-2;BLD;Klei
Mechanische bewerking groenbemester;;;;;;;;;;0;0;0-2;0;0;0-1;BLD;Klei
Mechanische onkruidbestrijding;;;;;;;;;;0;0;1-2;0;0;1-2;BLD;Klei
Niet kerende grondbewerking;;;;;;;;;;-1-0;-1-1;0-1;0-1;0;0-1;BLD;Klei
Vaste rijpaden;;;;;;;;;;0-2;1-2;0-1;0-1;0-1;1;BLD;Klei
Combinatie van ondiep- en diepwortelende (rust)gewassen;;;;;;;;;;1;1-2;0-2;0-2;0-1;0-2;BLD;Klei
Geen uitspoelingsgevoelige gweassen op uitspoelingsgevoelige gronden;;;;;;;;;;?;?;?;?;?;?;BLD;Klei
Goenbemesters/vanggewassen;;;;;;;;;;0-1;0-1;-1-1;0-1;0-2;0-1;BLD;Klei
Onderzaai;;;;;;;;;;-2;-2;1;0-2;?;?;BLD;Klei
Verlagen fosfaat op pervelen met hoge toestand;;;;;;;;;;?;0;1-2;1-2;?;?;BLD;Klei
Teelt vroegrijpe gewassen/rassen i.c.m. vanggewas;;;;;;;;;;-3;1;1-2;?;?;?;BLD;Klei
Variatie in gewassen en rassen die meer resistent zijn tegen ziekten en plagen;;;;;;;;;;1;0;0-2;0-2;0;1;BLD;Klei
Voorkom braakligging winter;;;;;;;;;;0;0-1;0-2;1-2;0-1;1;BLD;Klei
Meer vlinderbloemige gewassen in rotatie;;;;;;;;;;-1-1;0-1;0-1;-1-1;-1-0;0-2;BLD;Klei
Ruimer bouwplan (meer granen);;;;;;;;;;-1;-1-1;1;0-1;1-2;1;BLD;Klei
Niet-chemische grondontsmetting;;;;;;;;;;0-1;0;-2-2;-2-0;0;0-1;BLD;Klei
Aanvraag organische stof rijke materialen (compost/vastemest);;;;;;;;;;0-1;0-1;-1-1;0-1;1-2;0-1;BLD;Klei
Gewasresten achterlaten (stro);;;;;;;;;;0;0-1;-1-1;0-1;1-2;1;BLD;Klei
Drainage (ontwatering);;;;;;;;;;1;0-1;-1-1;-1;-1-0;?;BLD;Klei
Peilgsetuurde drainage;;;;;;;;;;1-2;-1-2;-1-1;-1;-1-0;?;BLD;Klei
Beperkt najaarsbeweiding;;;;;;;;;;-1-1;-1-1;0-1;0-1;-1-0;?;GLD;Klei
Extensieve beweiding;;;;;;;;;;-2-1;0-1;0;0;0;1-2;GLD;Klei
Gebruikt dierlijke mest niet/nauwlijks in najaar;;;;;;;;;;0;?;0-1;0-1;0;0;GLD;Klei
Past sleepslangbemesting toe;;;;;;;;;;0-1;0-1;0-1;0-1;0;0-1;GLD;Klei
Laagtes egaliseren;;;;;;;;;;0-1;?;0-1;0-1;0;-1-0;GLD;Klei
Mechanische bewerking graszode;;;;;;;;;;?;?;?;0;?;?;GLD;Klei
Combinatie van ondiep- en diepwortelende grassoorten;;;;;;;;;;1;1-2;1;1;0-1;0-1;GLD;Klei
Kruidenrijk productief graland;;;;;;;;;;-1-0;0-1;0-1;1;0-1;1-2;GLD;Klei
Leeftijd grasland verhogen;;;;;;;;;;0-1;1;-1-1;1;2;0-2;GLD;Klei
Maximaal aandeel blijvend grasland;;;;;;;;;;0-2;1;-1-1;-1-1;1-2;1-2;GLD;Klei
Meer vlinderbloemige gewassen;;;;;;;;;;-1-1;1;-1-1;0-1;0-1;1-2;GLD;Klei
Wisselteelt mais-grasklaver (60-20-20);;;;;;;;;;0-1;0-1;1;0-1;0-2;0-1;GLD;Klei
Legt slootmaisel op ruime afstand van de sloot;;;;;;;;;;-2-1;-1-0;1-2;1;1;1;GLD;Klei
